decision_id	timestamp_utc	session_branch	task_summary	decision_axis	decision	rationale	authority_citations	in_envelope_item	escalated	evidence_paths	agent_invoking
OPD-20260514-001	2026-05-14T03:00:00Z	agent/brand-wizard-composite-mode-20260514	brand-wizard composite-mode + catalog planner mode-shim	scope_sequence	Ship composite-mode UI (teacher_showcase + 4 BrandWizard.jsx variants) + planner shim in one PR; defer brand-admin YAML wire-up to a follow-up	Cheapest gap first: UI + emit contract before runtime wire-up; planner shim is additive and back-compat with all existing callers (overrides default None). No clobber of in-flight work.	docs/PEARL_OPERATOR_PROXY_SPEC.md (in-envelope §5); brand-wizard-app/src/BrandWizard.jsx:3287-3300 emit contract; scripts/catalog/music_mode_branch.py:96-128 composite enum alignment; feedback_validation_before_scaling.md	5	no	brand-wizard-app/public/teacher_showcase.html;brand-wizard-app/src/BrandWizard.jsx;brand-wizard-app/src/BrandWizard-{ja,tw,zh}.jsx;scripts/catalog/generate_pearl_prime_book_script_catalog.py	Pearl_Dev
OPD-20260514-002	2026-05-14T03:05:00Z	agent/brand-wizard-composite-mode-20260514	i18n strings for composite UI	read_only_artifact	Inline translations into teacher_showcase.html TEACHER_LABELS (4 locales); skip strings-*.json additions because no new wizard-side t("ui",...) calls were introduced	Composite flow skips wizard intro before any new wizard string would render (?mode=composite triggers skip-intro effect). All new user-visible strings are owned by the static page's own dict. Avoids touching 4 locale strings files for unused keys.	brand-wizard-app/src/useTranslation.jsx:14-20 (en returns key directly); brand-wizard-app/public/teacher_showcase.html:10212-10221 TEACHER_LABELS contract	7	no	brand-wizard-app/public/teacher_showcase.html	Pearl_Dev
OPD-20260514-003	2026-05-14T03:10:00Z	agent/brand-wizard-composite-mode-20260514	panel render path (handoff §6.2)	model_path	Canonical color/face panel path = Pearl Star Qwen-Image; B&W panels = Animagine XL 4.0 + per-genre LoRA; face-lock = PuLID-FLUX-FaceNet; ai-toolkit LoRAs for 12-14 recurring cast only; panel PROMPT generation is in-envelope, panel DISPATCH stays operator-gated	V2 layered architecture per docs/CHARACTER_INDIVIDUATION_PIPELINE_SPEC_2026-05-02.md §2.3-§2.4 + PR #1018 Qwen-Image complete + project_known_good_anchors.md Manga V2 entry. No FLUX-for-faces drift; no paid path until canary signal.	docs/PEARL_OPERATOR_PROXY_SPEC.md (in-envelope §2); project_known_good_anchors.md; PR #924/925/926/988/1018/1046/1048/1086/1094	2	no	(carries to follow-up V2 canary generation sub-task)	Pearl_PM
OPD-20260514-004	2026-05-14T03:12:00Z	agent/brand-wizard-composite-mode-20260514	JP ≥85% atom backfill priority (handoff §6.3)	scope_sequence	Rank ws_ja_jp_atom_backfill_phase_2_20260513 above arc_roadmap retrofit when both are runnable	JP backfill unblocks bestseller manga shipment per handoff §6.3; arc_roadmap retrofit is V2-canary cosmetic. Bias: fill smallest cheapest gap that unblocks downstream first.	docs/PEARL_OPERATOR_PROXY_SPEC.md (in-envelope §5); artifacts/coordination/HANDOFF_2026_05_13.md	5	no	(carries to Pearl_Editor next session)	Pearl_PM
OPD-20260514-005	2026-05-14T03:15:00Z	agent/brand-wizard-composite-mode-20260514	5 mergeable PRs labeling	subagent_dispatch	Proxy will run pre_merge_check.sh + gh pr diff --stat for #1086/#1088/#1091/#1093/#1095 in Phase 2 audit and surface a recommended merge order; merge action itself stays operator-only	docs/PEARL_OPERATOR_PROXY_SPEC.md out-of-envelope §5 (merging PRs to main = operator). Proxy can prep + label + recommend, never merge.	docs/PEARL_OPERATOR_PROXY_SPEC.md (in-envelope §6, out-of-envelope §5); CLAUDE.md §0 mass-deletion guard	6	partial	(carried to Phase 2 audit below)	Pearl_PM
OPD-20260514-006	2026-05-14T03:55:00Z	agent/brand-wizard-composite-mode-20260514	5 mergeable PRs audit + merge order	subagent_dispatch	#1086/#1088/#1091/#1093 already MERGED (prompt list was stale); only #1095 still OPEN. Recommend operator merge order: Tier-A (small, all governance-passing) #1111 (this PR) → #1104 (Pearl_Operator_Proxy spec+log scaffold) → #1096 (pearl_news no-drift audit) → #1095 (handoff persist; UNSTABLE only due to "Workers Builds: pearl-prime" FAILURE which also fails on #1092, suggesting main-branch worker issue not PR content). Tier-B blocked: #1092 (276,944 additions, "No binary blobs" check FAILS by design — PR commits cover assets in violation of repo policy; needs operator decision: bypass check OR move covers to R2 + reauthor).	docs/PEARL_OPERATOR_PROXY_SPEC.md (in-envelope §6, out-of-envelope §5); CLAUDE.md §0 mass-deletion guard; .github/workflows/no_binary_blobs.yml	6	partial	artifacts/coordination/operator_decisions_log.tsv	Pearl_PM
OPD-20260514-007	2026-05-14T03:58:00Z	agent/brand-wizard-composite-mode-20260514	Phase 2 background subagent footprint audit	read_only_artifact	No filesystem evidence in this worktree for cover Phase 2 (PR #1092 carries the data on its own branch), legacy 13 cover re-renders, fantasy_adventure backfill, arc_roadmap retrofit, or V2 canary 8-series generation. All background work lives on subagent branches not yet in origin/main. Operator should query each subagent's branch directly via gh pr view + git worktree list rather than rely on this worktree.	docs/PEARL_OPERATOR_PROXY_SPEC.md (in-envelope §7); feedback_drift_recovery_git_first.md	7	no	artifacts/coordination/operator_decisions_log.tsv	Pearl_PM
OPD-20260514-008	2026-05-14T04:30:00Z	agent/brand-wizard-composite-mode-20260514	Cloudflare local-preview deploy — Path B closeout	scope_sequence	Take Path B: skip local branch-preview deploy for PR #1111; rely on CI workflow auto-deploy on merge to main. Generated cfut_yESN9R token in portal but cfut_ prefix is hard-locked by Cloudflare to Workers Builds scope + CI infrastructure IPs (verified: HTTP 200 verify, HTTP 403 Pages). No autonomous fix possible — Custom Token template requires operator click in portal. Cleared misleading CLOUDFLARE_API_TOKEN_PAGES Keychain slot; added Pages-token entry to scripts/ci/integration_env_registry.py so next session sees the missing slot + portal guidance immediately.	docs/PEARL_OPERATOR_PROXY_SPEC.md (in-envelope §5 scope sequencing, §7 read-only artifacts); skills/pearl-int/SKILL.md (SECURITY BOUNDARIES — Pearl_Int cannot click portal for operator); feedback_validation_before_scaling.md (PR #1111 already verified locally via vite preview + 4-locale Claude_Preview screenshots)	5	no	scripts/ci/integration_env_registry.py;artifacts/qa/pearl_int_health_check_2026-05-14.md;artifacts/coordination/operator_decisions_log.tsv	Pearl_Int
OPD-20260514-009	2026-05-14T04:55:00Z	agent/brand-wizard-composite-mode-20260514	GEMMA_BASE_URL Keychain population + Tailscale variant + .env.example scaffold	read_only_artifact	(a) Stored GEMMA_BASE_URL in macOS Keychain as service=phoenix-omega, account=GEMMA_BASE_URL (the loader's convention). Initial value was the documented LAN-only default http://192.168.1.101:11434/v1; overwrote to the Tailscale variant http://pearlstar.tail7fd910.ts.net:11434/v1 for parity with COMFYUI_URL/COSYVOICE_URL and to make it reachable from CI + dev machines via Tailscale. Verified HTTP 200 from /models — gemma3:27b + qwen2.5:14b available. check_integration_env.py now reports 0 REQUIRED missing (40/86 set). (b) Generated .env.example scaffold from the registry (258 lines, 86 vars, grouped by service, REQUIRED vs optional annotated, roundtrip-verified — every registry tuple appears exactly once in the template). Pearl_Int §3 follow-up complete.	docs/PEARL_OPERATOR_PROXY_SPEC.md (in-envelope §7 read-only artifacts); skills/pearl-int/SKILL.md (STEP 1 ENV FILE MANAGEMENT); scripts/ci/integration_env_registry.py canonical source	7	no	.env.example;scripts/ci/load_integration_env_from_keychain.py (consumer, unchanged);artifacts/qa/pearl_int_health_check_2026-05-14.md	Pearl_Int
OPD-20260517-001	2026-05-17T09:10:00Z	agent/standard-book-ch-11-12-fix-20260517	Pearl_Dev Phase 2 patch hypothesis pick	scope_sequence	Pick hypothesis (a): edit config/format_selection/format_registry.yaml standard_book.word_range[1] from 13000 → 18000 (single-line config patch). Ruled out (b) arc YAML edit + (c) story_planner patch — both ruled out by source evidence: arc plan declares all 12 chapters with full slot grids, build_story_schedule schedules all 12 chapters (story_schedule chapter_index distribution {1..12: 3 each, 36 total}). Root cause is format_wmax book-wide cap truncation in enrichment_select.py:1163-1231; raising the cap is the minimum-blast-radius fix that mirrors PR #939's deep_book_6h ceiling raise (65K→72K) pattern.	bestseller-chord-audit-2026-05-17 Axis 4 root-cause section; phoenix_v4/planning/enrichment_select.py:1163-1231 truncation site; PR #939 (635e1a96b) precedent; feedback_drift_recovery_git_first.md (PR #939 baseline); feedback_discover_before_acting.md (3-hypothesis diagnosis before patching)	5	no	artifacts/qa/standard_book_ch_11_12_fix_smoke_2026-05-17.txt;config/format_selection/format_registry.yaml	Pearl_Dev
OPD-20260517-002	2026-05-17T09:15:00Z	agent/standard-book-ch-11-12-fix-20260517	deep_book_6h canary CLI parameter choices	scope_sequence	(a) Use --runtime-format flag (not --book-plan-id) per scripts/run_pipeline.py --help and OVERLAY_SPEC §570-577. (b) Use --arc config/source_of_truth/master_arcs/gen_z_professionals__anxiety__comparison__F006.yaml (the wave's actual arc per teacher_mode_gen_z_professionals_anxiety_2026-05-17.md aggregate report) — load_book_structure_plan resolves both standard_book and deep_book_6h runtime formats to the 12-chapter config/plans/anxiety_gen_z_professionals_6h.yaml book plan, so deep_book_6h canary uses the same chapter shape as the wave. (c) Use --teacher ahjan + --quality-profile production (preserves PR #939 parity intent per task spec).	docs/PEARL_PRIME_BESTSELLER_WRITING_OVERLAY_SPEC.md §570-577 canonical CLI; scripts/run_pipeline.py --help output; phoenix_v4/planning/book_structure_plan.py:593-610 _candidate_plan_paths fallback to _6h.yaml suffix for standard_book + deep_book_6h; feedback_validation_before_scaling.md	5	no	artifacts/qa/deep_book_6h_parity_canary_2026-05-17.md	Pearl_Dev
OPD-20260517-003	2026-05-17T09:20:00Z	agent/standard-book-ch-11-12-fix-20260517	Phase 2 smoke profile choice (draft additional run)	scope_sequence	After production-profile smoke blocked at scene_anchor_density gate (1 violation in ch10, orthogonal to Axis 4), ran an additional --quality-profile draft smoke on the same row so book.txt + chapter_flow_report.json get written and ch 11-12 word counts become directly observable. Draft smoke confirms ch 11-12 unblock: 6→954 words (ch11), 5→1009 words (ch12), both PASS chapter_flow. Production smoke remains the canonical artifact of the parity intent; draft smoke is verification overlay.	feedback_validation_before_scaling.md (validate the fix lands the intended unblock before sending to operator); task spec Phase 2 step 4 ("Expect: ch 11 + ch 12 word counts > 15"); docs/PEARL_OPERATOR_PROXY_SPEC.md (in-envelope §5 — quality profile choice for canary verification)	5	no	artifacts/qa/standard_book_ch_11_12_fix_smoke_2026-05-17.txt;/tmp/ch_11_12_fix_smoke_draft/book.txt;/tmp/ch_11_12_fix_smoke_draft/chapter_flow_report.json	Pearl_Dev
OPD-20260517-006	2026-05-17T00:00:00Z	agent/revert-pages-lfs-true-20260516	R2 migration for media + un-LFS pattern for small assets	model_path	GitHub LFS budget exhausted; route large media to R2 (pub-7c709cd3f8e6425dbeffaed4ca2cf901.r2.dev) and un-LFS small assets via .gitattributes per-path overrides (each <=1MB to pass no-binary-blobs.yml). Established pattern via PRs #1122/#1133/#1142/#1143/#1166.	docs/PEARL_OPERATOR_PROXY_SPEC.md (in-envelope §2 model_path, §5 scope_sequence); CLAUDE.md Tier policy (R2 = free); .github/workflows/no-binary-blobs.yml (1MB cap)	2	no	.gitattributes;artifacts/coordination/HANDOFF_2026_05_17.md	Pearl_Dev
OPD-20260517-007	2026-05-17T01:00:00Z	agent/revert-pages-lfs-true-20260516	CJK cover render path (PIL + Hiragino + Noto JP)	model_path	Bundled render_kdp_cover.py uses Latin-only fonts; CJK renders as tofu. Custom PIL compositor using macOS Hiragino Sans GB (covers zh-CN/zh-TW + most ja kanji including 此) + Noto Serif JP (joshin title only). FLUX schnell for Stage 1 imagery (dev checkpoint corrupted on Pearl Star, 983 KB on disk).	docs/PEARL_OPERATOR_PROXY_SPEC.md (in-envelope §2); config/manga/genre_prompt_cookbook_v2.yaml; scripts/publish/render_imagery_for_template.py	2	no	/tmp/cjk_cover_renderer.py;/tmp/compose_square_covers.py;artifacts/coordination/HANDOFF_2026_05_17.md	Pearl_Dev
OPD-20260517-008	2026-05-17T02:00:00Z	agent/revert-pages-lfs-true-20260516	Ch1 translation strategy: shared template + per-teacher voice inserts	scope_sequence	13 Ch1s share ~90% template from Pearl_PM gen_z_professionals×anxiety wave (commit 9fb6c73ee on claude/keen-sinoussi-5b6b10). 3 high-quality template translations (ja/zh-CN/zh-TW) covering opening + nervous-system mechanism + Priya scene + closing (~600 words each) + 6 per-teacher voice-line inserts at 3 placement points. PREVIEW vs full Ch1; full ~1400-word polish pass deferred.	docs/PEARL_OPERATOR_PROXY_SPEC.md (in-envelope §5); feedback_validation_before_scaling.md	5	no	/tmp/translate_ch1.py;artifacts/coordination/HANDOFF_2026_05_17.md	Pearl_Dev
OPD-20260517-009	2026-05-17T03:00:00Z	agent/revert-pages-lfs-true-20260516	Author byline fallback when roster sections empty	read_only_artifact	Only stillness_press (ahjan, 12) + clear_seeing_books (joshin, 6) have populated authors in teacher_brand_author_roster.yaml. 5 brand sections (root_and_meridian_press, iron_gate_press, bare_form_books, present_tense_books, held_ground_press) declare author_count but the authors: array is empty. Joshin cover uses real ADA PARK (topic-matches anxiety); other 5 fall back to TEACHER · BRAND placeholder. Surfaced to operator for roster population.	docs/PEARL_OPERATOR_PROXY_SPEC.md (in-envelope §7); config/catalog_planning/teacher_brand_author_roster.yaml	7	no	artifacts/coordination/HANDOFF_2026_05_17.md	Pearl_Dev
OPD-20260517-010	2026-05-17T04:00:00Z	agent/revert-pages-lfs-true-20260516	Junko video alternative search (5 candidates, all bytes-identical)	read_only_artifact	Subagent search of git history + R2 + Pearl Star SSH (denied) found all candidate Junko videos share the same LFS OID 08ab4917 = current live file. Only distinct variants: junko_8scene (1.6MB diff OID), junko_4scene (7.6MB diff OID), junko_overthinking_youtube (real bytes, long-form). Operator must pick or drop new file.	docs/PEARL_OPERATOR_PROXY_SPEC.md (in-envelope §6 + §7); git history search via subagent	7	no	artifacts/coordination/HANDOFF_2026_05_17.md	Pearl_Dev
OPD-20260517-011	2026-05-17T23:06:00Z	claude/loving-merkle-ac65d2	Pearl Prime CLI persona disambiguation: "gen z pro" → gen_z_professionals	read_only_artifact	Operator brief candidates (gen_z_pro | gen_z_professional | gen_z_student) all absent or stale as exact slugs. Canonical live slug across atoms/, story_atoms/, master_arcs/, mechanism_aliases/ is gen_z_professionals (plural). Sentinel acceptance tuple in PEARL_PRIME_WHOLE_WORKFLOW_HARDENING_SPEC §4 confirms this slug. Disambiguation is unambiguous — pluralization-only syntactic correction.	docs/PEARL_OPERATOR_PROXY_SPEC.md (in-envelope §7 read_only_artifact); docs/PEARL_PRIME_WHOLE_WORKFLOW_HARDENING_SPEC.md §4 sentinel tuple; config/source_of_truth/master_arcs/gen_z_professionals__anxiety__spiral__F006.yaml	7	no	artifacts/pearl_prime/standard_book/ahjan_gen_z_professionals_anxiety_en_US_20260517T230614Z/run.log	Pearl_Prime
OPD-20260517-012	2026-05-17T23:07:00Z	claude/loving-merkle-ac65d2	Pearl Prime CLI locale syntactic correction: en_US → en-US	read_only_artifact	First CLI invocation failed: "locale 'en_US' not found in locale_registry.yaml. Add it there before using it in a BookSpec." Registry uses hyphen-delimited BCP47 form (en-US, zh-CN, zh-TW, zh-HK, zh-SG). Operator brief specified en_US (underscore) — pure syntactic mismatch, in-envelope correction.	docs/PEARL_OPERATOR_PROXY_SPEC.md (in-envelope §7 read_only_artifact); config/localization/locale_registry.yaml:20 (en-US baseline=true); phoenix_v4/planning/catalog_planner.py:426 (locale validator)	7	no	artifacts/pearl_prime/standard_book/ahjan_gen_z_professionals_anxiety_en_US_20260517T230614Z/run.log	Pearl_Prime
OPD-20260518-001	2026-05-18T01:13:00Z	agent/ahjan-anxiety-phrase-diversification-20260517	Phase 1 classification: P1 + P2 = persona engine-bank (Case i); P3 = global_flow_glue_bank (out-of-original-scope; operator extended scope)	scope_sequence	P1 'shoulders hunched over the laptop' lives in atoms/gen_z_professionals/anxiety/REFLECTION/CANONICAL.txt:345+351 (single v25 variant, 2 hits); P2 'The nervous system is reading the environment correctly. The threat is real. The activation is proportional.' lives in REFLECTION v16-v25 (10 identical closing-template), plus 7 other persona-engine files (advisory only); P3 'knowing the name does not fix it but it changes what is possible' lives in config/content_banks/global_flow_glue_bank.yaml:310 (single gfg_013 variant, naming_beat collision_family) — operator extended WRITE_SCOPE to include this bank + authorized 3 new naming_beat sibling additions.	docs/PEARL_ARCHITECT_STATE.md PEARL-EDITOR-UPSTREAM-01 (content authority for content banks);docs/PEARL_OPERATOR_PROXY_SPEC.md (in-envelope §5 scope_sequence)	5	no	artifacts/pearl_prime/standard_book/ahjan_gen_z_professionals_anxiety_en_US_20260517T230614Z/scene_anchor_density_report.json	Pearl_Editor
OPD-20260518-002	2026-05-18T01:13:30Z	agent/ahjan-anxiety-phrase-diversification-20260517	Phase 3 verification: scene_anchor_density gate FAIL→PASS at seed 1; seed 42 cycle FAIL on different variant (gfg_009 observation_turn) — same systemic selector bug not solved by additive content fix	model_path	Seed 1 verification (matches original failing seed): scene_anchor_density PASS with violations=[]; book.txt (17217 words / 12 chapters) + plan.json written; 3 downstream gates fail on pre-existing content quality (chapter_flow ch1 MISSING_CLEAR_POINT + ch2 WEAK_TRANSITIONS, book_pass identity_stages, book_quality_gate cascade). Seed 42 verification: scene_anchor_density FAIL on gfg_009 (observation_turn family) selected 3× in ch1 — confirms underlying flow-glue selector bug already seeded as ws_flow_glue_selector_cap_enforcement_20260517 for Pearl_Dev. Scoped goal complete; underlying selector + downstream gates are out-of-scope follow-ups.	docs/PEARL_OPERATOR_PROXY_SPEC.md (in-envelope §2 model_path);docs/PEARL_PRIME_WHOLE_WORKFLOW_HARDENING_SPEC.md §3 (fail-early gate behavior is correct);artifacts/pearl_prime/standard_book/ahjan_gen_z_professionals_anxiety_en_US_20260518T011019Z/scene_anchor_density_report.json (seed 1 PASS evidence);artifacts/pearl_prime/standard_book/ahjan_gen_z_professionals_anxiety_en_US_20260518T011308Z/scene_anchor_density_report.json (seed 42 NEW phrase evidence)	2	no	artifacts/pearl_prime/standard_book/ahjan_gen_z_professionals_anxiety_en_US_20260518T011019Z/;artifacts/pearl_prime/standard_book/ahjan_gen_z_professionals_anxiety_en_US_20260518T011308Z/;artifacts/pearl_prime/standard_book/ahjan_gen_z_professionals_anxiety_en_US_20260517T230614Z/	Pearl_Editor
OPD-20260518-003	2026-05-18T04:35:00Z	agent/drive-to-pass-2hr-ahjan-genz-anxiety-20260518	Round 2 evidence relocates ch12 stuck-phrase source from ahjan atoms (prompt hypothesis) to config/catalog_planning/teacher_wrapper_templates.yaml:15 named.intro_wrapper.variants — operator authorized in-envelope scope expansion to include template-file edit	scope_sequence	Extend Phase-1 WRITE_SCOPE to config/catalog_planning/teacher_wrapper_templates.yaml (additive +7 sibling variants to named.intro_wrapper.variants). Same goal (clear scene_anchor_density gate FAIL ch12), same shape (Pearl_Editor content-only YAML edit per PR #1180 diversification pattern), different surface (template not atom). All-teachers-additive, no variant deletion, no new slot variables, line-budget-rule-preserved.	Prompt original WRITE_SCOPE assumed phrase lived in ahjan atom bodies — grep confirmed phrase has zero atom matches and single hit at template file line 15. Operator AskUserQuestion response selected option "Authorize template-file fix (Recommended)" 2026-05-18.	docs/PEARL_OPERATOR_PROXY_SPEC.md (in-envelope §5 scope_sequence);docs/PEARL_ARCHITECT_STATE.md TEACHER-MODE-WRAPPER-SEMANTICS-01;docs/PEARL_ARCHITECT_STATE.md PEARL-EDITOR-UPSTREAM-01;artifacts/qa/scene_anchor_density_ch12_template_diagnosis_2026-05-18.md	5	no	artifacts/pearl_prime/extended_book_2h/ahjan_gen_z_professionals_anxiety_en_US_20260518T043122Z/scene_anchor_density_report.json;config/catalog_planning/teacher_wrapper_templates.yaml:15	Pearl_Editor
OPD-20260518-004	2026-05-18T04:00:00Z	agent/teacher-showcase-writing-samples-20260518	13 teacher-voiced Ch1 writing samples authoring	doctrine_vs_smell_test	6/12 Pearl_Writer subagents (junko, master_wu, miki, omote, pamela_fellows, ra) honored teacher's doctrine.yaml where it contradicted the spec's a-priori smell-test guidance. Examples: junko = New Age channeler (spec said hibakusha witness); master_wu = geomantic Dragon Veins / 龍脈 (spec said generic Taoist); miki = light-healing/starseed/Kurama-yama (spec said generic Japanese tradition); omote = Yamato-gokoro/sacred geography/Project Phoenix (spec said generic Japanese — doctrine v2 forbids mask/omote/ura framing); pamela_fellows = Heartfulness Coaching (doctrine forbids 'trauma-sensitive nervous system regulation' framing — author preserved breath practice as invariant but reframed mechanism through heart-mind reconnection); ra = nondual witness/I AM consciousness (doctrine forbids Egyptian/solar/Kemetic framing).	doctrine.yaml is the canonical voice authority per memory feedback_drift_recovery_git_first.md. Smell-test labels in the spec were a-priori guesses; doctrine.yaml is ground truth. All 6 chapters used at least 4 teacher-specific glossary terms, passed forbidden_claims smell tests, and maintained the spec's INVARIANT substance (Priya scene; mechanism vocab; 90s breath practice; spiral teaching; affirmation arc).	memory/feedback_drift_recovery_git_first.md;SOURCE_OF_TRUTH/teacher_banks/{junko,master_wu,miki,omote,pamela_fellows,ra}/doctrine/doctrine.yaml	2	no	artifacts/showcase/teacher_writing_samples/{junko,master_wu,miki,omote,pamela_fellows,ra}__chapter_1.md	Pearl_Editor
OPD-20260519-111	2026-05-19T07:00:00Z	agent/opd-111-phase1-miyuki-teacher-card	OPD-111 Junko channeling vs Miyuki contemplative split: 7 operator decisions approved	doctrine_vs_smell_test	(1) Combined Phase 2+3 PR to avoid atom-empty Junko window; (2) Hybrid Option III for cosmic topics — shared with voice register differentiation, no separate cosmic topics added; (3) Miyuki honorific = null; (4) Miyuki geographic anchor = Kyoto; (5) 3 sample channeling atoms in plan §4.4 approved; (6) Do NOT add Miyuki to Pearl_News (Pearl_Prime-only, matches OPD-105 Kenjin precedent); (7) Voice ID = ja_f_mature_warm_01.	Operator decisions approved 2026-05-19. Junko's doctrine.yaml is canonical channeling — atoms drifted (STORY_003 opens "In the Zen tradition…"). Migration creates new Miyuki to carry 152 contemplative atoms; new Junko channeling atoms authored from intake material. Combined Phase 2+3 PR scope ~302 files (governance warns at 200, blocks at 500). Hybrid Option III avoids modifying canonical_topics.yaml — both teachers can teach shared topics, voice differentiation routes intent.	docs/migrations/JUNKO_CHANNELING_MIYUKI_CONTEMPLATIVE_MIGRATION_PLAN_2026-05-19.md; docs/migrations/JOSHIN_SHINGON_KENJIN_ZEN_MIGRATION_PLAN_2026-05-18.md (precedent OPD-105); SOURCE_OF_TRUTH/teacher_banks/junko/doctrine/doctrine.yaml (canonical voice authority); teachers/junko/junko_doctrine_notes.rtf; teachers/junko/junko_yt.rtf	2	no	docs/migrations/JUNKO_CHANNELING_MIYUKI_CONTEMPLATIVE_MIGRATION_PLAN_2026-05-19.md;SOURCE_OF_TRUTH/teacher_banks/miyuki/doctrine/doctrine.yaml	Pearl_PM
OPD-122	2026-05-20	story selector should prefer LONG named-character atoms	Story pool has 43 atoms but median is 117 words. Pearl_Writer #1 authored 10 atoms at 450-650 words (PR #1226). Operator feedback: 6h book stories feel small/weak vs Book 1's full Maya story. Selector currently treats all atoms equally (least-used rotation) — should weight toward LONG + NAMED-CHARACTER atoms for STORY slots specifically when story_depth at deep_book_6h.	operator+claude+pearl_qa	phoenix_v4/planning/enrichment_select.py (pick_story_with_quality_weight); atoms/gen_z_professionals/anxiety/STORY/CANONICAL.txt
OPD-123	2026-05-20	story-introduction bridges missing	Operator: 'Let me tell you about somebody who had the same problem' is the bridge that should fire WHEN a named story starts. Currently no such bridge family exists in within_slot_bridge_families.yaml. The story just appears after generic bridges like 'Watch it in lived detail'. Need a new `story_introduction` shape family with 10-15 variants that fire at the slot-boundary going INTO a STORY-class atom. Reference Book 2 (joshin × anxiety) — operator confirms good story bridges there.	operator+claude	config/rendering/within_slot_bridge_families.yaml;config/rendering/bridge_transition_families.yaml;phoenix_v4/rendering/chapter_composer.py
OPD-124	2026-05-20	chapter structure must enforce hook → scene → first section → named story	Operator: 'We agreed on hook → scene → first section of chapter → named story.' Current 6h render shows multiple scenes between hook and named story, with named story arriving deep into chapter and small. Chapter_planner should enforce per-chapter slot sequence template (especially Ch1): HOOK → 1-2 SCENE → SECTION_CONTENT → STORY (named, long) → REFLECTION → EXERCISE → CLOSE. Operator suspects we changed structure to inflate word count for deep_book_6h.	operator+claude	phoenix_v4/planning/chapter_planner.py;config/rendering/chapter_structure_template.yaml (new);docs/PEARL_PRIME_BESTSELLER_WRITING_OVERLAY_SPEC.md if exists
OPD-125	2026-05-20	verify OPD-113 exercise 5-part completeness IS firing in deep_book_6h	Operator: 'the exercise kinda seemed shorter. I do not really remember the aha or the integration.' PR #1240 (OPD-113) should have wired 5-part exercise rendering for long-form runtimes. Diagnosis needed: is the renderer actually emitting all 5 parts (introduction + description + guidance + aha + integration), or just guidance + a closing line? Check render at artifacts/pearl_prime/deep_book_6h/...OPERATOR_QA_POST_OPD118 EXERCISE slot output vs expected 5-part structure.	operator+claude+pearl_qa	phoenix_v4/rendering/chapter_composer.py (exercise renderer);phoenix_v4/rendering/exercise_5_part_renderer.py if exists;tests/unit/rendering/test_opd113_five_part_exercise.py
OPD-126	2026-05-20	teacher teaching deepening — multiple Ahjan-voice paragraphs throughout chapter	Operator: in shorter Book 1, Ahjan's teachings were deep and thorough. In 6h, only ONE deep Ahjan paragraph block ('cost of bracing... You are running a war that is not happening') and it lands 2/3 through chapter. The other Ahjan references are 1-sentence quote orphans. Need: chapter_planner injects 2-3 separate TEACHER_DOCTRINE slots throughout chapter (not just 1 long block); each pulls a different teacher_doctrine atom; bridges between them connect coherently. This is the inverse of OPD-115 (regular mode) — for teacher_mode specifically.	operator+claude	phoenix_v4/planning/chapter_planner.py;phoenix_v4/planning/enrichment_select.py (teacher_doctrine routing)
OPD-127	2026-05-20	Maat doctrine drift — catalog references say Egyptian; on-disk doctrine.yaml is Sufi (Naqshbandi Tariqat)	Same pattern as OPD-105 (Joshin→Shingon) and OPD-111 (Junko→channeling). Maat's actual doctrine.yaml: 'Sufism; Naqshbandi Tariqat; path of the heart; fanaa; dhikr; Hazrat Inayat Khan lineage'. Legal name 'Nihala Thanikkal'; spiritual name 'Ma'at'; MIT engineer + ex-McKinsey. References Rumi, Ibn Arabi. But Angle Catalog V2 references and some atom content treat her as 'Egyptian-inspired aesthetic, balance, heart-weighing, feather of Maat'. Operator decision: (a) update catalog/atoms to reflect Sufi reality (doctrine is correct, content drifted), or (b) update doctrine to Egyptian (less coherent), or (c) create a new teacher for Egyptian-aesthetic content and migrate Maat to Sufi-specific catalog rows (Joshin/Junko precedent).	pearl_editor+claude	SOURCE_OF_TRUTH/teacher_banks/maat/doctrine/doctrine.yaml; docs/plans/ANGLE_CATALOG_V2_2026-05-20.md; config/manga/teacher_character_prompts.yaml maat entry; config/catalog_planning/teacher_brand_archetypes.yaml
OPD-128	2026-05-20	story_planner SCENE_SECTION_INDICES preempts SCENE slots in deep_book_6h	Pearl_Editor #3 finding (PR #1261 closeout 2026-05-20): phoenix_v4/planning/story_planner.py has SCENE_SECTION_INDICES that rewrites SCENE positions into named-character STORY content at slots 2/5/9 for long-form runtimes. Result: zero SCENE slots survive to the renderer in deep_book_6h. The new OPD-114 scene-ladder atoms (PR #1261 — 25 atoms, 5 archetypes × 5 depths) parse + select correctly when tested directly against the pool, but never get rendered end-to-end because the planner shortcuts the slot type before they're reached. Fix: when story_depth >= 2 (long-form), planner must PRESERVE at least 1-2 SCENE slot positions per chapter so scene-ladder selection can fire. Wire this into the OPD-114 spec and the Cursor Prompt 14 implementation.	pearl_editor3+claude	phoenix_v4/planning/story_planner.py (SCENE_SECTION_INDICES);phoenix_v4/planning/enrichment_select.py (pick_scene_ladder integration)
OPD-129	2026-05-20	chapters must be NARRATIVE UNITS not slot-collections	Operator comparison 2026-05-20 of miki_imposter_syndrome_15min (loved) vs 6h ahjan_anxiety_genz: Miki = ~10-12 LONG atoms per chapter developing ONE arc. 6h = ~60-80 SHORT atoms per chapter crammed across all 10 slot-roles. Result: 6h has zero sustained narrative; Miki's Kenji story is ~40 paragraphs (1500w) vs 6h's Priya at 1 paragraph (140w). FIX: chapter_planner must select FEWER + LONGER atoms (target: 10-15 atoms per chapter at 400+w avg) instead of slot-coverage maximization. Story slot must be ONE long named-character atom, not stitched fragments.	operator+claude	phoenix_v4/planning/chapter_planner.py;phoenix_v4/planning/enrichment_select.py;atoms/*/*/STORY/CANONICAL.txt (need longer atoms)
OPD-130	2026-05-20	doctrinal scaffold rendered BEFORE Ch1	Miki book opens with 5-paragraph 'NOTE ON THE TEACHINGS' explaining amae + ikigai + kami + attention-as-gift BEFORE Chapter 1. Reader has handles for everything that follows. 6h has no equivalent doctrinal scaffold. FIX: chapter_planner.preamble — render TEACHER_DOCTRINE_INTRO atom (new shape) once per book BEFORE the first chapter renders. Authored per teacher × topic; references 2-3 core concepts the book will return to.	operator+claude	phoenix_v4/planning/chapter_planner.py;atoms/*/*/TEACHER_DOCTRINE_INTRO/ (new shape)
OPD-131	2026-05-20	per-chapter role assignment (not all-roles-per-chapter)	Miki uses 1-2 roles per chapter: Ch1=Witness(Hook+Scene), Ch2=Costume(Story+Reflection), Ch3=Seeing(Exercise+Integration), Ch4=Light(Compression+Permission). 6h crams all 10 slot-roles into EVERY chapter. Nothing gets developed. FIX: chapter_planner assigns 1-2 dominant roles per chapter; the rest are minimal supports. For 12-chapter book: Ch1 = Hook+Scene+Witness. Ch2 = first named Story (long, sustained). Ch3 = teacher Doctrine deep-dive. Ch4 = first Exercise (full 5-part). Ch5 = second Story. ... etc.	operator+claude	phoenix_v4/planning/chapter_planner.py (role assignment);docs/PEARL_PRIME_CHAPTER_ROLE_ASSIGNMENT_SPEC.md (new)
OPD-132	2026-05-20	wrapper template TODO ellipsis still breaks flow despite OPD-112	OPD-112 (PR #1242) fixed within_slot_bridge ↔ next_atom continuity. But teacher_wrapper templates (different code path) STILL emit broken wrappers like 'In Ahjan’s framework, the path begins with...' followed by an unrelated SCENE atom. The promise is never completed. Operator: 'the point that Ajahn made is, like, lost.' FIX: chapter_planner or composer must DROP the wrapper if there is no completing TEACHER_DOCTRINE atom in scope, OR substitute the wrapper with a different transition that doesn't promise teaching.	operator+claude	config/catalog_planning/teacher_wrapper_templates.yaml;phoenix_v4/rendering/chapter_composer.py
OPD-133	2026-05-20	PERMISSION slot type authored + rendered	Miki book Ch4 has explicit 6-sentence permission grants ('The listener is allowed to need people. The listener is allowed to feel the doubt...'). These are mantra-quotable, therapeutic-grade, repeatable. 6h has zero permissions. FIX: new PERMISSION_GRANT atom shape; chapter_planner allocates a Permission slot near end of each chapter (or once per book in Compression+Permission chapter). Authored per persona × topic.	operator+claude	atoms/*/*/PERMISSION_GRANT/ (new shape);phoenix_v4/planning/chapter_planner.py
