deferred_book_id	reason
digital_ground__miki__gen_z_student__financial_anxiety__overwhelm	no_arc_for_legal_engine
digital_ground__miki__gen_z_student__financial_anxiety__spiral	no_arc_for_legal_engine
digital_ground__miki__gen_z_student__financial_anxiety__shame	no_arc_for_legal_engine
digital_ground__miki__gen_z_student__financial_stress__overwhelm	no_arc_for_legal_engine
digital_ground__miki__gen_z_student__financial_stress__spiral	no_arc_for_legal_engine
digital_ground__miki__gen_z_student__financial_stress__shame	no_arc_for_legal_engine
digital_ground__miki__gen_z_student__social_anxiety__false_alarm	no_arc_for_legal_engine
digital_ground__miki__gen_z_student__social_anxiety__shame	no_arc_for_legal_engine
digital_ground__miki__gen_z_student__social_anxiety__comparison	no_arc_for_legal_engine
